<keymap version="1" name="VSCode (macOS) copy" parent="VSCode OSX">
  <action id="Annotate">
    <keyboard-shortcut first-keystroke="shift ctrl a" />
  </action>
  <action id="ChooseRunConfiguration" />
  <action id="Diff.ShowDiff">
    <keyboard-shortcut first-keystroke="meta d" />
  </action>
  <action id="Forward">
    <keyboard-shortcut first-keystroke="shift ctrl minus" />
    <mouse-shortcut keystroke="button5" />
  </action>
  <action id="ImplementMethods" />
  <action id="Macro.swift-format-and-save">
    <keyboard-shortcut first-keystroke="meta s" />
  </action>
  <action id="NextDiff">
    <keyboard-shortcut first-keystroke="f17" />
    <keyboard-shortcut first-keystroke="shift ctrl alt n" />
  </action>
  <action id="OptimizeImports">
    <keyboard-shortcut first-keystroke="meta i" />
  </action>
  <action id="PreviousDiff">
    <keyboard-shortcut first-keystroke="f16" />
    <keyboard-shortcut first-keystroke="shift ctrl alt e" />
  </action>
  <action id="RecentFiles">
    <keyboard-shortcut first-keystroke="ctrl alt r" />
  </action>
  <action id="RenameElement">
    <keyboard-shortcut first-keystroke="f2" />
    <keyboard-shortcut first-keystroke="shift ctrl alt j" />
  </action>
  <action id="SaveAll">
    <keyboard-shortcut first-keystroke="meta alt s" />
  </action>
  <action id="SaveDocument" />
  <action id="SelectNextOccurrence" />
  <action id="copilot.cycleNextInlays">
    <keyboard-shortcut first-keystroke="alt close_bracket" />
    <keyboard-shortcut first-keystroke="ctrl period" />
    <keyboard-shortcut first-keystroke="shift ctrl alt h" />
  </action>
  <action id="copilot.cyclePrevInlays">
    <keyboard-shortcut first-keystroke="alt open_bracket" />
    <keyboard-shortcut first-keystroke="ctrl comma" />
    <keyboard-shortcut first-keystroke="shift ctrl alt k" />
  </action>
</keymap>