<application>
  <component name="FileTypeManager" version="18">
    <extensionMap>
      <mapping pattern="quicktype-origins" type="AUTO_DETECTED" />
      <mapping ext="" type="Less" />
      <mapping pattern=".parcelrc" type="PLAIN_TEXT" />
      <mapping pattern=".env" type="PLAIN_TEXT" />
      <mapping ext="gss" type="PLAIN_TEXT" />
      <mapping ext="gpx" type="XML" />
      <mapping ext="xcscheme" type="XML" />
      <removed_mapping ext="apk" approved="true" type="ARCHIVE" />
      <removed_mapping ext="psd" approved="true" type="Image" />
    </extensionMap>
  </component>
</application>