<application>
  <component name="FindSettings">
    <option name="customScope" value="All Places" />
    <option name="defaultScopeName" value="All Places" />
    <option name="showResultsInSeparateView" value="true" />
    <option name="SHOW_RESULTS_IN_SEPARATE_VIEW" value="true" />
    <option name="SEARCH_SCOPE" value="All Places" />
    <mask>*.ts,*.tsx</mask>
    <mask>sidebar.tsx</mask>
    <mask>*.tsx, *.ts, *</mask>
    <mask>*.ts, *.tsx</mask>
    <mask>*.tsx, *ts</mask>
    <mask>*.tsx</mask>
    <mask>*.test.*</mask>
    <mask>*modal*</mask>
    <mask>*.json</mask>
    <mask>*.ts</mask>
    <mask>*.test.tsx</mask>
    <mask>*.test.tsx, *.spec.tsx</mask>
  </component>
</application>