<application>
  <component name="LanguageInjectionConfiguration">
    <injection language="HTML" injector-id="js">
      <display-name>HTML in JS strings</display-name>
      <single-file value="true" />
      <place disabled="true"><![CDATA[isHtmlLikeText()]]></place>
    </injection>
    <injection language="HTML" injector-id="js">
      <display-name>HTML template literal</display-name>
      <single-file value="true" />
      <place disabled="true"><![CDATA[taggedString("html")]]></place>
      <templateTag>html</templateTag>
    </injection>
    <injection language="SQLite" injector-id="js">
      <display-name>HTML5 SQL Database (SQLite)</display-name>
      <single-file value="true" />
      <place disabled="true"><![CDATA[jsLiteral().and(jsArgument("executeSql", 0))]]></place>
    </injection>
    <injection language="JQuery-CSS" injector-id="js">
      <display-name>JQuery selectors</display-name>
      <suffix>{}</suffix>
      <single-file value="true" />
      <place disabled="true"><![CDATA[jqueryArgument()]]></place>
    </injection>
    <injection language="JavaScript" injector-id="js">
      <display-name>JavaScript in 'eval'</display-name>
      <single-file value="true" />
      <place disabled="true"><![CDATA[jsLiteralExpression(jsArgument(jsReferenceExpression().withQualifiedName("eval"), 0))]]></place>
    </injection>
    <injection language="JavaScript" injector-id="js">
      <display-name>JavaScript in 'setInterval'</display-name>
      <single-file value="true" />
      <place disabled="true"><![CDATA[jsLiteralExpression(jsArgument(jsReferenceExpression().withQualifiedName("setInterval"), 0))]]></place>
      <place disabled="true"><![CDATA[jsLiteralExpression(jsArgument(jsReferenceExpression().withQualifiedName("window.setInterval"), 0))]]></place>
    </injection>
    <injection language="JavaScript" injector-id="js">
      <display-name>JavaScript in 'setTimeout'</display-name>
      <single-file value="true" />
      <place disabled="true"><![CDATA[jsLiteralExpression(jsArgument(jsReferenceExpression().withQualifiedName("setTimeout"), 0))]]></place>
      <place disabled="true"><![CDATA[jsLiteralExpression(jsArgument(jsReferenceExpression().withQualifiedName("window.setTimeout"), 0))]]></place>
    </injection>
    <injection language="JavaScript" injector-id="js">
      <display-name>React JSX in JS strings</display-name>
      <single-file value="true" />
      <place disabled="true"><![CDATA[isReactJSXLikeText()]]></place>
    </injection>
    <injection language="SQL" injector-id="js">
      <display-name>SQL create</display-name>
      <single-file value="true" />
      <place disabled="true"><![CDATA[jsLiteral().withStringValueIgnoringInterpolations(stringMatchesBrics(" *(CREATE|DROP|ALTER) +((TEMPORARY )?TABLE|(UNIQUE )?INDEX) .*"))]]></place>
    </injection>
    <injection language="SQL" injector-id="js">
      <display-name>SQL insert/replace</display-name>
      <single-file value="true" />
      <place disabled="true"><![CDATA[jsLiteral().withStringValueIgnoringInterpolations(stringMatchesBrics(" *(INSERT|REPLACE) .*INTO .*"))]]></place>
    </injection>
    <injection language="SQL" injector-id="js">
      <display-name>SQL select/delete</display-name>
      <single-file value="true" />
      <place disabled="true"><![CDATA[jsLiteral().withStringValueIgnoringInterpolations(stringMatchesBrics(" *(SELECT|DELETE) .*FROM .*"))]]></place>
    </injection>
    <injection language="SQL" injector-id="js">
      <display-name>SQL tagged string</display-name>
      <single-file value="true" />
      <place disabled="true"><![CDATA[taggedString("sql")]]></place>
      <templateTag>sql</templateTag>
    </injection>
    <injection language="SQL" injector-id="js">
      <display-name>SQL update</display-name>
      <single-file value="true" />
      <place disabled="true"><![CDATA[jsLiteral().withStringValueIgnoringInterpolations(stringMatchesBrics(" *UPDATE .* SET .*"))]]></place>
    </injection>
    <injection language="SQL" injector-id="js">
      <display-name>SQL with</display-name>
      <single-file value="true" />
      <place disabled="true"><![CDATA[jsLiteral().withStringValueIgnoringInterpolations(stringMatchesBrics(" *WITH .+ AS *\\(.+"))]]></place>
    </injection>
    <injection language="TSQL" injector-id="js">
      <display-name>Transact-SQL declare</display-name>
      <single-file value="true" />
      <place disabled="true"><![CDATA[jsLiteral().withStringValueIgnoringInterpolations(stringMatchesBrics(" *DECLARE +\\@.*"))]]></place>
    </injection>
    <injection language="SQLite" injector-id="js">
      <display-name>flash.data (SQLite)</display-name>
      <single-file value="true" />
      <place disabled="true"><![CDATA[jsLiteral().and(asAssignedValue("text", "*", "dbStatement"))]]></place>
      <place disabled="true"><![CDATA[jsLiteral().and(asAssignedValue("text", "flash.data.SQLStatement"))]]></place>
    </injection>
  </component>
</application>