<application>
  <component name="NodeJsLocalInterpreterManager">
    <local-interpreter path="$USER_HOME$/.nvm/versions/node/v16.14.2/bin/node">
      <version-cache version="16.14.2" last-modified="1647554886000" />
    </local-interpreter>
    <local-interpreter path="$USER_HOME$/.nvm/versions/node/v14.17.5/bin/node">
      <version-cache version="14.17.5" last-modified="1628656165000" />
    </local-interpreter>
    <local-interpreter path="$USER_HOME$/.nvm/versions/node/v14.11.0/bin/node">
      <version-cache last-modified="0" />
    </local-interpreter>
  </component>
</application>